method,auc,effectiveness
pagerank,0.15870000000000004,0.47099999999999986
degree,0.16120000000000004,0.46266666666666656
betweenness,0.16160000000000002,0.46133333333333326
CRITIC-TOPSIS,0.16220000000000004,0.45933333333333315
closeness,0.19245,0.35849999999999993
