method,auc,effectiveness
betweenness,0.11701298701298701,0.6099567099567099
degree,0.11811688311688312,0.6062770562770563
closeness,0.12064935064935065,0.5978354978354978
pagerank,0.13337662337662337,0.5554112554112554
CRITIC-TOPSIS,0.1557792207792208,0.4807359307359307
