method,auc,effectiveness
degree,0.25521739130434784,0.14927536231884053
pagerank,0.25565217391304346,0.14782608695652177
CRITIC-TOPSIS,0.2560869565217391,0.14637681159420302
betweenness,0.2560869565217391,0.14637681159420302
closeness,0.2560869565217391,0.14637681159420302
