method,auc,effectiveness
pagerank,0.24685483870967742,0.17715053763440858
degree,0.24766129032258064,0.17446236559139783
CRITIC-TOPSIS,0.2525,0.15833333333333333
closeness,0.25451612903225806,0.15161290322580645
betweenness,0.25572580645161286,0.14758064516129044
