method,auc,effectiveness
CRITIC-TOPSIS,0.13294117647058823,0.5568627450980392
pagerank,0.13411764705882354,0.5529411764705883
betweenness,0.1373529411764706,0.542156862745098
degree,0.13779411764705882,0.540686274509804
closeness,0.16088235294117645,0.46372549019607845
