method,auc,effectiveness
pagerank,0.19328,0.35573333333333323
degree,0.19698,0.34340000000000004
betweenness,0.20648,0.3117333333333333
CRITIC-TOPSIS,0.21953,0.2682333333333333
closeness,0.24241999999999997,0.1919333333333334
