method,auc,effectiveness
pagerank,0.16833333333333333,0.4388888888888889
degree,0.17500000000000002,0.41666666666666663
CRITIC-TOPSIS,0.18833333333333332,0.37222222222222223
betweenness,0.1933333333333333,0.3555555555555556
closeness,0.21666666666666667,0.2777777777777777
