Network,Nodes,Edges,TOPSIS_Eff,Best_Single,TOPSIS_Wins
Karate Club,34,78,0.5568627450980392,0.5529411764705883,Yes
Les Miserables,77,254,0.4807359307359307,0.6099567099567099,No
Florentine Families,15,20,0.37222222222222223,0.4388888888888889,No
Dolphins,62,124,0.15833333333333333,0.17715053763440858,No
Football,115,345,0.14637681159420302,0.14927536231884053,No
Barabasi-Albert (100),100,291,0.45933333333333315,0.47099999999999986,No
