method,auc,effectiveness
degree,0.2525903614457831,0.15803212851405624
betweenness,0.2525903614457831,0.15803212851405624
pagerank,0.2526656626506024,0.15778112449799186
CRITIC-TOPSIS,0.25281626506024096,0.15727911646586346
closeness,0.253644578313253,0.1545180722891567
